"","member_casual","start_station_name","number_of_rides","average_duration"
"1","casual","2112 W Peterson Ave",121,134.785123966942
"2","casual","63rd St Beach",687,80.6862445414848
"3","casual","900 W Harrison St",883,29.1451491128728
"4","casual","Aberdeen St & Jackson Blvd",1262,111.723837823561
"5","casual","Aberdeen St & Monroe St",1211,35.8830580787228
"6","casual","Aberdeen St & Randolph St",1690,37.3261932938856
"7","casual","Ada St & Washington Blvd",744,29.4351926523298
"8","casual","Adler Planetarium",11928,38.9677495528728
"9","casual","Albany Ave & 26th St",78,35.982264957265
"10","casual","Albany Ave & Bloomingdale Ave",1033,38.4806227815424
"11","casual","Albany Ave & Montrose Ave",248,42.3246639784946
"12","casual","Archer (Damen) Ave & 37th St",91,190.98021978022
"13","casual","Archer (Damen) Ave & 37th St (*)",7,45.2690476190476
"14","casual","Artesian Ave & Hubbard St",503,49.7850894632206
"15","casual","Ashland Ave & 13th St",140,44.5547619047619
"16","casual","Ashland Ave & 21st St",194,33.4804982817869
"17","casual","Ashland Ave & 50th St",34,32.593137254902
"18","casual","Ashland Ave & 63rd St",24,667.87638888889
"19","casual","Ashland Ave & 66th St",10,71.6083333333334
"20","casual","Ashland Ave & 69th St",20,69.5008333333333
"21","casual","Ashland Ave & Archer Ave",179,50.5626629422719
"22","casual","Ashland Ave & Augusta Blvd",573,36.4873472949389
"23","casual","Ashland Ave & Belle Plaine Ave",501,28.2775449101796
"24","casual","Ashland Ave & Blackhawk St",991,32.1547258661285
"25","casual","Ashland Ave & Chicago Ave",911,164.322941822173
"26","casual","Ashland Ave & Division St",2940,52.9812301587302
"27","casual","Ashland Ave & Garfield Blvd",8,33.2125
"28","casual","Ashland Ave & Grace St",691,37.7579353593825
"29","casual","Ashland Ave & Grand Ave",522,36.8248084291188
"30","casual","Ashland Ave & Lake St",531,135.456779661017
"31","casual","Ashland Ave & Lake St (Temp)",200,36.6045
"32","casual","Ashland Ave & McDowell Ave",35,57.3533333333333
"33","casual","Ashland Ave & Pershing Rd",57,72.3748538011695
"34","casual","Ashland Ave & Wellington Ave",517,41.6099613152805
"35","casual","Ashland Ave & Wrightwood Ave",897,24.9714975845411
"36","casual","Austin Blvd & Chicago Ave",57,169.358187134503
"37","casual","Austin Blvd & Lake St",138,333.352657004831
"38","casual","Austin Blvd & Madison St",84,109.493055555556
"39","casual","Avers Ave & Belmont Ave",295,80.5064971751412
"40","casual","Avondale Ave & Irving Park Rd",351,36.3371320037987
"41","casual","Bennett Ave & 79th St",13,417.846153846154
"42","casual","Benson Ave & Church St",1105,73.3801960784314
"43","casual","Bernard St & Elston Ave",108,138.803703703704
"44","casual","Bissell St & Armitage Ave",2274,38.1446203459396
"45","casual","Blackstone Ave & Hyde Park Blvd",717,57.7827754532775
"46","casual","Blue Island Ave & 18th St",765,96.5438562091504
"47","casual","Bosworth Ave & Howard St",78,53.8232905982906
"48","casual","Broadway & Argyle St",1087,55.1268169273229
"49","casual","Broadway & Barry Ave",3991,39.0919944875971
"50","casual","Broadway & Belmont Ave",2677,42.5635163740506
"51","casual","Broadway & Berwyn Ave",1010,47.8794389438944
"52","casual","Broadway & Cornelia Ave",2938,45.6572271386431
"53","casual","Broadway & Granville Ave",1597,60.6636923398038
"54","casual","Broadway & Ridge Ave",909,52.8388888888889
"55","casual","Broadway & Sheridan Rd",1525,39.8751475409836
"56","casual","Broadway & Thorndale Ave",1371,96.9078288354
"57","casual","Broadway & Waveland Ave",1918,45.4852798053528
"58","casual","Broadway & Wilson Ave",1199,43.861731998888
"59","casual","Buckingham Fountain",3616,80.0840569690265
"60","casual","Buckingham Fountain (Temp)",3978,49.5122549019608
"61","casual","Budlong Woods Library",210,119.410873015873
"62","casual","Burling St (Halsted) & Diversey Pkwy (Temp)",1302,39.1795698924731
"63","casual","Burnham Harbor",3391,53.9901258232576
"64","casual","California Ave & 21st St",172,39.7699612403101
"65","casual","California Ave & 23rd Pl",61,366.75300546448
"66","casual","California Ave & 26th St",47,35.5659574468085
"67","casual","California Ave & Altgeld St",432,51.8368827160494
"68","casual","California Ave & Byron St",376,36.4851063829787
"69","casual","California Ave & Cortez St",652,33.5419222903885
"70","casual","California Ave & Division St",634,39.6184805467928
"71","casual","California Ave & Fletcher St",525,31.6786349206349
"72","casual","California Ave & Francis Pl",582,68.3053550973654
"73","casual","California Ave & Francis Pl (Temp)",65,37.1784615384615
"74","casual","California Ave & Lake St",103,38.8064724919094
"75","casual","California Ave & Milwaukee Ave",1838,47.7610899528473
"76","casual","California Ave & Montrose Ave",480,58.0359027777777
"77","casual","California Ave & North Ave",560,74.9784821428572
"78","casual","Calumet Ave & 18th St",2360,87.9588771186441
"79","casual","Calumet Ave & 21st St",2046,41.4931085043988
"80","casual","Calumet Ave & 33rd St",301,47.1246954595792
"81","casual","Calumet Ave & 35th St",216,69.7527777777778
"82","casual","Calumet Ave & 51st St",182,175.666575091575
"83","casual","Calumet Ave & 71st St",25,825.103333333332
"84","casual","Campbell Ave & Fullerton Ave",483,31.1114216701173
"85","casual","Campbell Ave & Montrose Ave",182,63.5899267399268
"86","casual","Campbell Ave & North Ave",817,67.8042431660546
"87","casual","Canal St & Adams St",3814,33.869078832372
"88","casual","Canal St & Harrison St",269,28.9390334572491
"89","casual","Canal St & Jackson Blvd",1241,97.0191377921031
"90","casual","Canal St & Madison St",2693,59.4937925485828
"91","casual","Canal St & Monroe St",942,29.4073956121727
"92","casual","Canal St & Monroe St (*)",193,26.7303972366149
"93","casual","Canal St & Taylor St",1379,75.508363548465
"94","casual","Cannon Dr & Fullerton Ave",3607,47.6069494501432
"95","casual","Carpenter St & 63rd St",7,29.7547619047619
"96","casual","Carpenter St & Huron St",952,23.6112394957983
"97","casual","Central Ave & Chicago Ave",52,1438.73974358974
"98","casual","Central Ave & Harrison St",50,602.991999999999
"99","casual","Central Ave & Lake St",54,68.9910493827161
"100","casual","Central Ave & Madison St",40,51.2470833333333
"101","casual","Central Park Ave & 24th St",43,154.723643410853
"102","casual","Central Park Ave & Bloomingdale Ave",1075,42.5864031007752
"103","casual","Central Park Ave & Elbridge Ave",240,42.0648611111111
"104","casual","Central Park Ave & North Ave",264,178.932575757576
"105","casual","Central Park Ave & Ogden Ave",83,185.5140562249
"106","casual","Central Park Blvd & 5th Ave",37,46.3891891891892
"107","casual","Central St & Girard Ave",156,55.0100427350427
"108","casual","Central St Metra",254,52.3886482939633
"109","casual","Cherry Ave & Blackhawk St",120,17.4822222222222
"110","casual","Chicago Ave & Dempster St",441,58.4472411186697
"111","casual","Chicago Ave & Sheridan Rd",647,110.856594538898
"112","casual","Chicago Ave & Washington St",465,60.0933691756273
"113","casual","Christiana Ave & Lawrence Ave",271,89.7118081180812
"114","casual","Cicero Ave & Flournoy St",10,9581.05
"115","casual","Cicero Ave & Lake St",25,7744.138
"116","casual","Cicero Ave & Quincy St",34,34.4656862745098
"117","casual","Cityfront Plaza Dr & Pioneer Ct",3979,56.1898131858926
"118","casual","Claremont Ave & Hirsch St",330,34.0268686868687
"119","casual","Clarendon Ave & Gordon Ter",1566,55.5194657300979
"120","casual","Clarendon Ave & Junior Ter",1576,48.1090418781726
"121","casual","Clarendon Ave & Leland Ave",884,52.2299773755656
"122","casual","Clark St & 9th St (AMLI)",719,36.0989568845619
"123","casual","Clark St & Armitage Ave",6608,46.1258575464084
"124","casual","Clark St & Berwyn Ave",1415,59.4382803297997
"125","casual","Clark St & Bryn Mawr Ave",643,40.6994556765163
"126","casual","Clark St & Chicago Ave",1835,111.406793823797
"127","casual","Clark St & Columbia Ave",139,45.6588729016787
"128","casual","Clark St & Drummond Pl",2997,41.7654821488155
"129","casual","Clark St & Elm St",4148,48.940706364513
"130","casual","Clark St & Elmdale Ave",378,161.463227513228
"131","casual","Clark St & Grace St",2247,39.208559560896
"132","casual","Clark St & Ida B Wells Dr",938,121.190014214641
"133","casual","Clark St & Jarvis Ave",134,186.309328358209
"134","casual","Clark St & Lake St",2232,49.5518518518519
"135","casual","Clark St & Leland Ave",688,29.3402858527132
"136","casual","Clark St & Lincoln Ave",6715,45.8377984611566
"137","casual","Clark St & Lunt Ave",367,38.0418710263397
"138","casual","Clark St & Montrose Ave",549,33.612598664238
"139","casual","Clark St & Newport St",2788,48.7266021042564
"140","casual","Clark St & North Ave",3585,58.1868061366806
"141","casual","Clark St & Randolph St",2231,65.0229045271179
"142","casual","Clark St & Schiller St",2344,38.4466368031854
"143","casual","Clark St & Schreiber Ave",271,75.749938499385
"144","casual","Clark St & Touhy Ave",45,45.5303703703704
"145","casual","Clark St & Wellington Ave",2067,35.5425576519916
"146","casual","Clark St & Winnemac Ave",1200,34.5806388888889
"147","casual","Clark St & Wrightwood Ave",3101,36.8931312479845
"148","casual","Clifton Ave & Armitage Ave",1310,26.3927226463104
"149","casual","Clinton St & 18th St",417,47.7996802557954
"150","casual","Clinton St & Jackson Blvd",1144,120.457371794872
"151","casual","Clinton St & Jackson Blvd (*)",331,40.6394259818731
"152","casual","Clinton St & Lake St",1815,26.9498898071625
"153","casual","Clinton St & Madison St",3918,49.9841968691509
"154","casual","Clinton St & Polk St",242,56.0949724517906
"155","casual","Clinton St & Polk St (*)",68,29.5372549019608
"156","casual","Clinton St & Roosevelt Rd",1168,30.4719891552511
"157","casual","Clinton St & Tilden St",515,31.5335922330097
"158","casual","Clinton St & Washington Blvd",2775,54.5467747747748
"159","casual","Clybourn Ave & Division St",559,62.4052474657126
"160","casual","Columbus Dr & Randolph St",7822,56.1930686951334
"161","casual","Commercial Ave & 83rd St",21,80.0674603174603
"162","casual","Conservatory Dr & Lake St",229,729.847889374089
"163","casual","Cornell Ave & Hyde Park Blvd",1739,144.248016101208
"164","casual","Cornell Dr & Hayes Dr",117,62.0666666666667
"165","casual","Cottage Grove Ave & 43rd St",166,806.598192771084
"166","casual","Cottage Grove Ave & 47th St",247,342.655802968961
"167","casual","Cottage Grove Ave & 51st St",199,149.822110552764
"168","casual","Cottage Grove Ave & 63rd St",108,68.3422839506172
"169","casual","Cottage Grove Ave & 67th St",35,2252.75523809524
"170","casual","Cottage Grove Ave & 71st St",27,2393.37654320988
"171","casual","Cottage Grove Ave & 78th St",30,174.091111111111
"172","casual","Cottage Grove Ave & 83rd St",78,1356.54679487179
"173","casual","Cottage Grove Ave & Oakwood Blvd",388,329.411726804124
"174","casual","Daley Center Plaza",3452,64.5926564310545
"175","casual","Damen Ave & 51st St",18,42.3527777777778
"176","casual","Damen Ave & 59th St",16,65.5635416666667
"177","casual","Damen Ave & Charleston St",873,31.1779686903398
"178","casual","Damen Ave & Chicago Ave",1321,33.7170199343931
"179","casual","Damen Ave & Clybourn Ave",546,35.954884004884
"180","casual","Damen Ave & Cortland St",2024,39.1832015810277
"181","casual","Damen Ave & Coulter St",47,29.8482269503546
"182","casual","Damen Ave & Cullerton St",472,112.429837570621
"183","casual","Damen Ave & Division St",1098,26.2530510018215
"184","casual","Damen Ave & Foster Ave",509,30.921905697446
"185","casual","Damen Ave & Grand Ave",668,29.7391467065868
"186","casual","Damen Ave & Leland Ave",694,32.0433717579251
"187","casual","Damen Ave & Madison St",782,44.3902600170503
"188","casual","Damen Ave & Melrose Ave",551,28.4312764670296
"189","casual","Damen Ave & Pershing Rd",103,243.075566343042
"190","casual","Damen Ave & Pierce Ave",4086,97.9281081742535
"191","casual","Damen Ave & Sunnyside Ave",406,35.7582922824302
"192","casual","Damen Ave & Thomas St (Augusta Blvd)",877,33.4628468263018
"193","casual","Damen Ave & Walnut (Lake) St (*)",216,30.9724537037037
"194","casual","Damen Ave & Wellington Ave",652,39.5685071574642
"195","casual","Dayton St & North Ave",1612,56.7690343258892
"196","casual","Dearborn Pkwy & Delaware Pl",2749,36.1453680126106
"197","casual","Dearborn St & Adams St",1736,43.4351862519201
"198","casual","Dearborn St & Erie St",3899,80.3080276994101
"199","casual","Dearborn St & Monroe St",2349,61.1312757201646
"200","casual","Dearborn St & Van Buren St",754,41.8702696728559
"201","casual","Dearborn St & Van Buren St (*)",206,43.3797734627832
"202","casual","Delano Ct & Roosevelt Rd",1370,42.2259854014598
"203","casual","Desplaines St & Jackson Blvd",1308,34.3005096839959
"204","casual","Desplaines St & Kinzie St",2530,29.3528194993412
"205","casual","Desplaines St & Randolph St",1726,53.9460505986867
"206","casual","DIVVY Map Frame B/C Station",2,2.575
"207","casual","Dodge Ave & Church St",209,48.81331738437
"208","casual","Dodge Ave & Mulford St",115,51.4898550724637
"209","casual","Dorchester Ave & 49th St",151,68.1077262693157
"210","casual","Dorchester Ave & 63rd St",203,58.2858784893268
"211","casual","Drake Ave & Addison St",196,26.3296768707483
"212","casual","Drake Ave & Fullerton Ave",473,72.4667019027484
"213","casual","Drake Ave & Montrose Ave",211,47.3823064770932
"214","casual","Dusable Harbor",12546,42.5142648387268
"215","casual","DuSable Museum",200,31.7561666666667
"216","casual","Eastlake Ter & Rogers Ave",345,82.1987922705313
"217","casual","Eberhart Ave & 61st St",85,47.5745098039216
"218","casual","Eckhart Park",763,27.221494102228
"219","casual","Eggleston Ave & 69th St (*)",8,121.375
"220","casual","Elizabeth (May) St & Fulton St",332,22.9167670682731
"221","casual","Elizabeth St & 47th St",8,34.3166666666667
"222","casual","Elizabeth St & 59th St",1,29.2833333333333
"223","casual","Ellis Ave & 53rd St",492,50.4378726287263
"224","casual","Ellis Ave & 55th St",1134,57.7736919459142
"225","casual","Ellis Ave & 58th St",654,36.3889653414883
"226","casual","Ellis Ave & 60th St",1178,31.0721137521222
"227","casual","Ellis Ave & 83rd St",25,30.2973333333333
"228","casual","Elmwood Ave & Austin St",161,52.1890269151139
"229","casual","Elston Ave & Wabansia Ave",432,35.8889660493827
"230","casual","Emerald Ave & 28th St",194,43.307560137457
"231","casual","Emerald Ave & 31st St",279,41.9732377538829
"232","casual","Evans Ave & 75th St",14,53.4238095238096
"233","casual","Evanston Civic Center",185,71.406036036036
"234","casual","Exchange Ave & 79th St",23,61.9086956521739
"235","casual","Fairbanks Ct & Grand Ave",5125,45.1560910569106
"236","casual","Fairbanks St & Superior St",905,65.3641436464089
"237","casual","Fairbanks St & Superior St (*)",260,55.9625
"238","casual","Fairfield Ave & Roosevelt Rd",158,365.729324894515
"239","casual","Federal St & Polk St",2012,65.5537856196156
"240","casual","Field Blvd & South Water St",3047,71.820446340663
"241","casual","Field Museum",7654,40.2491159306681
"242","casual","Financial Pl & Ida B Wells Dr",645,391.538346253229
"243","casual","Financial Pl & Ida B Wells Dr (Temp)",222,43.8518768768769
"244","casual","Fort Dearborn Dr & 31st St",3934,61.8376673445179
"245","casual","Francisco Ave & Foster Ave",332,64.0549196787149
"246","casual","Franklin St & Adams St (Temp)",1126,34.2305358200118
"247","casual","Franklin St & Chicago Ave",763,37.0672346002621
"248","casual","Franklin St & Chicago Ave (Temp)",789,166.304478242501
"249","casual","Franklin St & Illinois St",575,35.2618550724638
"250","casual","Franklin St & Jackson Blvd",2985,45.1878559463986
"251","casual","Franklin St & Lake St",1721,41.0180999418942
"252","casual","Franklin St & Monroe St",3465,48.996253006253
"253","casual","Franklin St & Quincy St",674,42.117037586548
"254","casual","Glenwood Ave & Morse Ave",569,77.5490041007616
"255","casual","Glenwood Ave & Touhy Ave",185,97.7403603603603
"256","casual","Green St & Madison St",2337,41.5647981742976
"257","casual","Green St & Randolph St",3017,31.182079328251
"258","casual","Greenview Ave & Diversey Pkwy",840,55.1525
"259","casual","Greenview Ave & Fullerton Ave",1587,36.6923860533501
"260","casual","Greenview Ave & Jarvis Ave",325,53.8374358974359
"261","casual","Greenwood Ave & 47th St",400,102.733333333333
"262","casual","Greenwood Ave & 79th St",20,79.5816666666667
"263","casual","Halsted St & 18th St",307,37.0813246471227
"264","casual","Halsted St & 21st St",414,248.079066022544
"265","casual","Halsted St & 35th St",153,31.5485838779956
"266","casual","Halsted St & 35th St (*)",24,53.4027777777778
"267","casual","Halsted St & 37th St",68,189.627696078431
"268","casual","Halsted St & 47th Pl",19,59.5263157894737
"269","casual","Halsted St & 51st St",17,32.7107843137255
"270","casual","Halsted St & 56th St",21,78.8404761904762
"271","casual","Halsted St & 59th St",15,38.1211111111111
"272","casual","Halsted St & 63rd St",20,147.1925
"273","casual","Halsted St & 69th St",37,586.135585585585
"274","casual","Halsted St & Archer Ave",313,42.6448881789137
"275","casual","Halsted St & Clybourn Ave",1408,31.288837594697
"276","casual","Halsted St & Clybourn Ave (*)",467,49.4112776588151
"277","casual","Halsted St & Dickens Ave",1992,37.5959672021419
"278","casual","Halsted St & Maxwell St",985,32.3213028764805
"279","casual","Halsted St & North Branch St",263,22.1043726235741
"280","casual","Halsted St & Polk St",794,35.2424643157011
"281","casual","Halsted St & Roosevelt Rd",636,131.780214884696
"282","casual","Halsted St & Roscoe St",2578,35.5936772692009
"283","casual","Halsted St & Willow St",1169,34.7304533789564
"284","casual","Halsted St & Wrightwood Ave",1547,53.0168390433096
"285","casual","Harper Ave & 59th St",508,71.1116797900262
"286","casual","Hermitage Ave & Polk St",277,25.9979542719615
"287","casual","Honore St & Division St",1553,36.0672354582528
"288","casual","Hoyne Ave & 47th St",33,658.950505050505
"289","casual","Hoyne Ave & Balmoral Ave",331,31.107804632427
"290","casual","Humboldt Blvd & Armitage Ave",925,40.7444324324324
"291","casual","Indiana Ave & 26th St",440,81.239962121212
"292","casual","Indiana Ave & 31st St",398,52.5104271356784
"293","casual","Indiana Ave & 40th St",114,902.484356725146
"294","casual","Indiana Ave & Roosevelt Rd",8029,63.4488707601611
"295","casual","Jefferson St & Monroe St",863,33.7127269215913
"296","casual","Jeffery Blvd & 67th St",316,200.25664556962
"297","casual","Jeffery Blvd & 71st St",77,142.728138528138
"298","casual","Jeffery Blvd & 76th St",43,3292.97248062016
"299","casual","Karlov Ave & Madison St",27,242.308641975309
"300","casual","Kedzie Ave & 21st St",68,381.766666666667
"301","casual","Kedzie Ave & 24th St",30,72.1533333333333
"302","casual","Kedzie Ave & Bryn Mawr Ave",243,110.050754458162
"303","casual","Kedzie Ave & Chicago Ave",138,1762.87379227053
"304","casual","Kedzie Ave & Foster Ave",178,47.8036516853932
"305","casual","Kedzie Ave & Harrison St",35,121.268571428571
"306","casual","Kedzie Ave & Lake St",149,773.692953020134
"307","casual","Kedzie Ave & Leland Ave",265,127.173899371069
"308","casual","Kedzie Ave & Milwaukee Ave",2393,37.2097994149603
"309","casual","Kedzie Ave & Palmer Ct",586,36.4247724687145
"310","casual","Kedzie Ave & Roosevelt Rd",54,6816.82037037038
"311","casual","Kenton Ave & Madison St",20,249.56
"312","casual","Keystone Ave & Fullerton Ave",200,44.2365833333333
"313","casual","Keystone Ave & Montrose Ave",128,80.8673177083334
"314","casual","Kilbourn Ave & Irving Park Rd",68,40.0272058823529
"315","casual","Kilbourn Ave & Milwaukee Ave",183,65.1857012750455
"316","casual","Kildare Ave & Montrose Ave",139,61.1041966426859
"317","casual","Kimball Ave & Belmont Ave",391,45.0850809889173
"318","casual","Kimbark Ave & 53rd St",1113,95.9592392932016
"319","casual","Kingsbury St & Erie St",1690,48.7155917159763
"320","casual","Kingsbury St & Kinzie St",2448,29.7766816448802
"321","casual","Knox Ave & Montrose Ave",144,104.111574074074
"322","casual","Kosciuszko Park",235,114.988368794326
"323","casual","Kostner Ave & Adams St",6,44.9388888888889
"324","casual","Kostner Ave & Lake St",9,1948.87592592593
"325","casual","Lake Park Ave & 35th St",1035,244.021626409018
"326","casual","Lake Park Ave & 47th St",818,130.37043602282
"327","casual","Lake Park Ave & 53rd St",1379,195.39722020788
"328","casual","Lake Park Ave & 56th St",941,85.2517711654268
"329","casual","Lake Shore Dr & Belmont Ave",5722,41.8579051613655
"330","casual","Lake Shore Dr & Diversey Pkwy",4698,71.6258301404853
"331","casual","Lake Shore Dr & Monroe St",39238,48.7376446302054
"332","casual","Lake Shore Dr & North Blvd",18952,46.2474936682144
"333","casual","Lake Shore Dr & Ohio St",6379,52.2180801588546
"334","casual","Lake Shore Dr & Wellington Ave",4405,43.9637192584185
"335","casual","Lakefront Trail & Bryn Mawr Ave",4478,76.8874088134584
"336","casual","Lakefront Trail & Wilson Ave",2390,54.6720223152022
"337","casual","Lakeview Ave & Fullerton Pkwy",4977,43.3162413770009
"338","casual","Laramie Ave & Gladys Ave",13,28.4448717948718
"339","casual","Laramie Ave & Kinzie St",29,583.032758620689
"340","casual","Laramie Ave & Madison St",48,95.6600694444444
"341","casual","Larrabee St & Armitage Ave",1556,40.2186696658098
"342","casual","Larrabee St & Division St",1398,107.227122079161
"343","casual","Larrabee St & Kingsbury St",1817,46.6436800587048
"344","casual","Larrabee St & Menomonee St",492,30.7982384823848
"345","casual","Larrabee St & North Ave",568,145.909771126761
"346","casual","Larrabee St & Oak St",750,37.9621333333333
"347","casual","Larrabee St & Webster Ave",2937,35.6502837362388
"348","casual","LaSalle Dr & Huron St",1561,58.5505018150758
"349","casual","LaSalle Dr & Huron St (*)",483,45.9517598343685
"350","casual","LaSalle St & Adams St",1117,36.9359295732617
"351","casual","LaSalle St & Illinois St",3995,40.5226741760534
"352","casual","LaSalle St & Jackson Blvd",2357,60.7093833969735
"353","casual","LaSalle St & Washington St",1401,40.5092790863669
"354","casual","Latrobe Ave & Chicago Ave",23,4684.37246376812
"355","casual","LBS - BBB La Magie",1,2.5
"356","casual","Leavitt St & Addison St",366,66.5304644808743
"357","casual","Leavitt St & Archer Ave",126,332.912301587301
"358","casual","Leavitt St & Armitage Ave",660,171.206515151515
"359","casual","Leavitt St & Belmont Ave (*)",364,28.9135531135531
"360","casual","Leavitt St & Chicago Ave",511,34.347586431833
"361","casual","Leavitt St & Division St (*)",265,28.9458490566038
"362","casual","Leavitt St & Lawrence Ave",334,42.7046407185629
"363","casual","Leavitt St & North Ave",929,238.640312163617
"364","casual","Lincoln Ave & Addison St",337,33.5318496538081
"365","casual","Lincoln Ave & Belle Plaine Ave",735,29.2783900226757
"366","casual","Lincoln Ave & Belmont Ave",1159,39.512726488352
"367","casual","Lincoln Ave & Diversey Pkwy",1484,33.9049865229111
"368","casual","Lincoln Ave & Fullerton Ave",2858,31.8289421506881
"369","casual","Lincoln Ave & Roscoe St",1211,42.8771125791357
"370","casual","Lincoln Ave & Sunnyside Ave",669,33.7789237668161
"371","casual","Lincoln Ave & Waveland Ave",554,32.7789711191336
"372","casual","Lincoln Ave & Winona St",336,38.5491071428571
"373","casual","Lincoln Park Conservatory",1859,40.5178411332258
"374","casual","Lincolnwood Dr & Central St",132,106.952272727273
"375","casual","Logan Blvd & Elston Ave",627,59.7917065390749
"376","casual","Loomis St & Archer Ave",178,38.8654494382023
"377","casual","Loomis St & Jackson Blvd",465,39.8611111111111
"378","casual","Loomis St & Lexington St",811,34.5135635018496
"379","casual","Loomis St & Taylor St (*)",85,30.9758823529412
"380","casual","Malcolm X College",270,37.0084567901235
"381","casual","Manor Ave & Leland Ave",112,90.9398809523809
"382","casual","Maplewood Ave & Peterson Ave",91,56.3937728937729
"383","casual","Marine Dr & Ainslie St",1958,57.3354273067756
"384","casual","Marshfield Ave & 44th St",30,48.8944444444444
"385","casual","Marshfield Ave & 59th St",9,45.487037037037
"386","casual","Marshfield Ave & Cortland St",2141,54.9313404950957
"387","casual","May St & 69th St",9,578.575925925926
"388","casual","May St & Cullerton St",267,31.5805867665418
"389","casual","May St & Taylor St",1176,30.4407171201814
"390","casual","McClurg Ct & Erie St",2883,58.3500346860909
"391","casual","McClurg Ct & Illinois St",6977,50.5426592136066
"392","casual","McCormick Place",3697,47.8881570642864
"393","casual","Michigan Ave & 14th St",1554,42.0133419133419
"394","casual","Michigan Ave & 18th St",1289,41.1048099301784
"395","casual","Michigan Ave & 71st St",6,39.6138888888888
"396","casual","Michigan Ave & 8th St",9525,60.8527979002624
"397","casual","Michigan Ave & Ida B Wells Dr",4056,72.255489809336
"398","casual","Michigan Ave & Jackson Blvd",6917,54.1563659582671
"399","casual","Michigan Ave & Lake St",5397,46.0045889691804
"400","casual","Michigan Ave & Madison St",2886,88.2760741510741
"401","casual","Michigan Ave & Oak St",21388,55.5362173492924
"402","casual","Michigan Ave & Pearson St",5333,49.4030001875117
"403","casual","Michigan Ave & Washington St",12228,54.4034401919093
"404","casual","Mies van der Rohe Way & Chestnut St",4545,57.2607554088742
"405","casual","Mies van der Rohe Way & Chicago Ave",3470,50.0332997118156
"406","casual","Millard Ave & 26th St",64,48.6229166666667
"407","casual","Millennium Park",21749,54.7191487731237
"408","casual","Milwaukee Ave & Cuyler Ave",82,48.9833333333333
"409","casual","Milwaukee Ave & Grand Ave",1999,31.5446890111722
"410","casual","Milwaukee Ave & Rockwell St",757,37.7010568031704
"411","casual","Milwaukee Ave & Wabansia Ave",2008,46.9992363877822
"412","casual","MLK Jr Dr & 29th St",705,53.0002364066194
"413","casual","MLK Jr Dr & 47th St",112,327.077827380953
"414","casual","MLK Jr Dr & 56th St",49,1161.41632653061
"415","casual","MLK Jr Dr & 56th St (*)",14,52.4452380952381
"416","casual","MLK Jr Dr & 63rd St",45,581.71925925926
"417","casual","MLK Jr Dr & 83rd St",66,86.2982323232324
"418","casual","MLK Jr Dr & Pershing Rd",232,45.6168103448276
"419","casual","Monticello Ave & Irving Park Rd",183,63.6535519125683
"420","casual","Montrose Harbor",8188,52.7235812571243
"421","casual","Morgan Ave & 14th Pl",419,40.4553301511535
"422","casual","Morgan St & 18th St",844,150.486236176935
"423","casual","Morgan St & 31st St",357,43.3947245564893
"424","casual","Morgan St & Lake St",2486,92.6505564494502
"425","casual","Morgan St & Pershing Rd",13,20.1794871794872
"426","casual","Morgan St & Polk St",960,29.2226909722222
"427","casual","Museum of Science and Industry",2636,60.0769094587759
"428","casual","Noble St & Milwaukee Ave",821,38.7288672350792
"429","casual","Normal Ave & Archer Ave",150,34.6043333333333
"430","casual","Oakley Ave & Irving Park Rd",308,33.2887987012987
"431","casual","Oakley Ave & Touhy Ave",169,26.8539447731755
"432","casual","Ogden Ave & Chicago Ave",1386,27.9031505531505
"433","casual","Ogden Ave & Congress Pkwy",140,44.4086904761905
"434","casual","Ogden Ave & Race Ave",803,34.5758613532586
"435","casual","Ogden Ave & Roosevelt Rd",184,196.854166666666
"436","casual","Orleans St & Chestnut St (NEXT Apts)",1199,32.5507645259939
"437","casual","Orleans St & Elm St",359,188.996239554318
"438","casual","Orleans St & Elm St (*)",129,32.2200258397933
"439","casual","Orleans St & Hubbard St",665,26.8045112781955
"440","casual","Orleans St & Hubbard St (*)",247,21.3686909581646
"441","casual","Orleans St & Merchandise Mart Plaza",2588,42.0949768160742
"442","casual","Paulina Ave & North Ave",1254,31.8663476874003
"443","casual","Paulina St & 18th St",557,32.2885996409336
"444","casual","Paulina St & Flournoy St",543,36.3548496009822
"445","casual","Paulina St & Howard St",458,57.8769286754003
"446","casual","Paulina St & Montrose Ave",514,42.7125486381323
"447","casual","Peoria St & Jackson Blvd",1430,30.8231002331002
"448","casual","Perry Ave & 69th St",29,288.27816091954
"449","casual","Phillips Ave & 79th St",21,187.792857142857
"450","casual","Phillips Ave & 83rd St",29,476.612068965517
"451","casual","Pine Grove Ave & Irving Park Rd",1711,38.9179524644457
"452","casual","Pine Grove Ave & Waveland Ave",2878,44.6674426685198
"453","casual","Prairie Ave & 43rd St",296,528.449943693693
"454","casual","Prairie Ave & Garfield Blvd",271,142.892373923739
"455","casual","Princeton Ave & 47th St",50,595.398666666667
"456","casual","Princeton Ave & Garfield Blvd",37,355.146846846848
"457","casual","Pulaski Rd & Congress Pkwy",24,1289.63194444445
"458","casual","Pulaski Rd & Eddy St (Temp)",143,93.4418414918415
"459","casual","Pulaski Rd & Lake St",30,391.233333333334
"460","casual","Racine Ave & 13th St",197,33.2770727580372
"461","casual","Racine Ave & 15th St",246,52.599864498645
"462","casual","Racine Ave & 18th St",971,37.0633539306557
"463","casual","Racine Ave & 35th St",133,67.9491228070176
"464","casual","Racine Ave & 61st St",4,74.8458333333334
"465","casual","Racine Ave & 65th St",6,24.9611111111111
"466","casual","Racine Ave & Belmont Ave",1864,31.4586641630901
"467","casual","Racine Ave & Congress Pkwy",496,35.2919690860215
"468","casual","Racine Ave & Fullerton Ave",1321,40.481541761292
"469","casual","Racine Ave & Garfield Blvd",54,1242.31913580247
"470","casual","Racine Ave & Randolph St",690,27.7953140096618
"471","casual","Racine Ave & Washington Blvd (*)",421,24.2633808392716
"472","casual","Racine Ave & Wrightwood Ave",965,25.1900863557858
"473","casual","Racine Ave (May St) & Fulton St",137,44.2980535279805
"474","casual","Rainbow Beach",97,65.6481099656357
"475","casual","Ravenswood Ave & Berteau Ave",325,36.3968205128205
"476","casual","Ravenswood Ave & Irving Park Rd",649,43.124833076528
"477","casual","Ravenswood Ave & Lawrence Ave",1410,75.4660638297872
"478","casual","Rhodes Ave & 32nd St",535,56.9567912772586
"479","casual","Rhodes Ave & 71st St",13,1551.31282051282
"480","casual","Richmond St & Diversey Ave",529,34.8219596723377
"481","casual","Ridge Blvd & Howard St",174,31.820785440613
"482","casual","Ridge Blvd & Touhy Ave",177,91.6330508474577
"483","casual","Ritchie Ct & Banks St",2132,52.4499140087555
"484","casual","Rockwell St & Eastwood Ave",276,44.6519927536232
"485","casual","Rush St & Cedar St",3757,45.3540901428445
"486","casual","Rush St & Hubbard St",1485,61.6018294051627
"487","casual","Rush St & Superior St",2871,104.560263555091
"488","casual","Sacramento Blvd & Franklin Blvd",43,87.2670542635658
"489","casual","Sangamon St & Washington Blvd",617,31.1068341437061
"490","casual","Sangamon St & Washington Blvd (*)",191,26.7587260034904
"491","casual","Sawyer Ave & Irving Park Rd",238,35.2083333333333
"492","casual","Sedgwick St & Huron St",1293,31.2300721835525
"493","casual","Sedgwick St & North Ave",2314,75.7449078075483
"494","casual","Sedgwick St & Schiller St",622,32.9488210075027
"495","casual","Sedgwick St & Webster Ave",2521,55.0877297368769
"496","casual","Seeley Ave & Garfield Blvd",14,58.0785714285714
"497","casual","Seeley Ave & Roscoe St",713,70.7153108929406
"498","casual","Shedd Aquarium",20617,37.3665518746665
"499","casual","Sheffield Ave & Fullerton Ave",2927,39.7230156018677
"500","casual","Sheffield Ave & Kingsbury St",1598,28.0118377138089
"501","casual","Sheffield Ave & Waveland Ave",4351,46.3382440818203
"502","casual","Sheffield Ave & Webster Ave",2149,45.1656274236079
"503","casual","Sheffield Ave & Wellington Ave",2068,37.8555045132173
"504","casual","Sheffield Ave & Willow St",1255,35.254833997344
"505","casual","Sheffield Ave & Wrightwood Ave",1695,28.2544936086529
"506","casual","Sheridan Rd & Buena Ave",795,49.2026834381551
"507","casual","Sheridan Rd & Columbia Ave",422,58.0976698262243
"508","casual","Sheridan Rd & Greenleaf Ave",450,71.637
"509","casual","Sheridan Rd & Irving Park Rd",1543,37.8650356448477
"510","casual","Sheridan Rd & Lawrence Ave",852,55.7885758998435
"511","casual","Sheridan Rd & Loyola Ave",1135,92.1714977973568
"512","casual","Sheridan Rd & Montrose Ave",1490,43.0819127516778
"513","casual","Sheridan Rd & Noyes St (NU)",710,61.191455399061
"514","casual","Shields Ave & 28th Pl",138,48.4247584541063
"515","casual","Shields Ave & 31st St",164,36.4895325203252
"516","casual","Shields Ave & 43rd St",8,33.7395833333333
"517","casual","Shore Dr & 55th St",2565,61.0799545159194
"518","casual","Smith Park (*)",238,26.0336834733894
"519","casual","South Chicago Ave & 83rd St",26,47.7570512820513
"520","casual","South Chicago Ave & Elliot Ave",11,3796.17121212121
"521","casual","South Shore Dr & 67th St",351,91.6561728395062
"522","casual","South Shore Dr & 71st St",355,126.048450704225
"523","casual","South Shore Dr & 74th St",125,921.513333333333
"524","casual","Southport Ave & Belmont Ave",985,31.1888324873096
"525","casual","Southport Ave & Clark St",406,56.6422413793103
"526","casual","Southport Ave & Clybourn Ave",1458,24.9843507087334
"527","casual","Southport Ave & Irving Park Rd",962,35.0115731115731
"528","casual","Southport Ave & Roscoe St",2372,35.5988546936481
"529","casual","Southport Ave & Waveland Ave",2504,43.0308306709265
"530","casual","Southport Ave & Wellington Ave",1636,26.9787693561532
"531","casual","Southport Ave & Wrightwood Ave",1392,22.4944803639847
"532","casual","Spaulding Ave & Armitage Ave",795,41.794213836478
"533","casual","Spaulding Ave & Division St",256,146.697721354167
"534","casual","Special Events",1,9.25
"535","casual","St. Clair St & Erie St",4540,49.8665748898678
"536","casual","St. Louis Ave & Balmoral Ave",175,44.2463809523809
"537","casual","State St & 19th St",753,42.1204736609119
"538","casual","State St & 29th St",166,489.881726907631
"539","casual","State St & 33rd St",572,240.794463869464
"540","casual","State St & 35th St",356,287.561423220974
"541","casual","State St & 54th St",29,38.7913793103448
"542","casual","State St & 76th St",23,1180.38405797101
"543","casual","State St & 79th St",38,151.813157894737
"544","casual","State St & Harrison St",1913,67.5811029796132
"545","casual","State St & Kinzie St",3183,91.1147607079275
"546","casual","State St & Pearson St",2120,91.3966273584906
"547","casual","State St & Pershing Rd",52,24.5788461538462
"548","casual","State St & Randolph St",3632,56.2394181350954
"549","casual","State St & Van Buren St",2208,93.9925120772947
"550","casual","Stave St & Armitage Ave",436,31.1123853211009
"551","casual","Stetson Ave & South Water St",2390,45.5784030683403
"552","casual","Stewart Ave & 63rd St (*)",2,21.275
"553","casual","Stockton Dr & Wrightwood Ave",3445,43.4350653120464
"554","casual","Stony Island Ave & 64th St",155,127.119784946237
"555","casual","Stony Island Ave & 67th St",126,132.580291005291
"556","casual","Stony Island Ave & 71st St",81,569.517283950618
"557","casual","Stony Island Ave & 75th St",43,1235.23565891473
"558","casual","Stony Island Ave & 82nd St",33,59.8161616161616
"559","casual","Stony Island Ave & South Chicago Ave",10,74.4633333333333
"560","casual","Streeter Dr & Grand Ave",53104,48.474748606508
"561","casual","Talman Ave & Addison St",426,24.8249217527387
"562","casual","Theater on the Lake",15024,40.6849307774228
"563","casual","Throop (Loomis) St & Taylor St",329,70.2032928064843
"564","casual","Throop St & 52nd St",20,39.1566666666667
"565","casual","Troy St & Elston Ave",355,51.7909859154929
"566","casual","Troy St & North Ave",477,39.222571628232
"567","casual","Union Ave & Root St",85,101.452549019608
"568","casual","University Ave & 57th St",1558,59.840917843389
"569","casual","University Library (NU)",552,41.4661835748792
"570","casual","Valli Produce - Evanston Plaza",103,189.992233009709
"571","casual","Vernon Ave & 75th St",57,2407.23771929825
"572","casual","Vernon Ave & 79th St",29,3239.44597701149
"573","casual","Vincennes Ave & 75th St",20,6309.52500000001
"574","casual","Wabash Ave & 16th St",1494,80.9267960731816
"575","casual","Wabash Ave & 83rd St",7,346.240476190477
"576","casual","Wabash Ave & 87th St",41,234.057317073171
"577","casual","Wabash Ave & 9th St",2561,60.5593648314461
"578","casual","Wabash Ave & Adams St",2133,61.5023441162682
"579","casual","Wabash Ave & Cermak Rd",893,144.149178798059
"580","casual","Wabash Ave & Grand Ave",6029,63.3393404102394
"581","casual","Wabash Ave & Roosevelt Rd",3803,50.15054781313
"582","casual","Wabash Ave & Wacker Pl",4208,79.6046023447402
"583","casual","Wacker Dr & Washington St",1277,30.7284259984338
"584","casual","Wallace St & 35th St",233,52.7660944206009
"585","casual","Walsh Park",1077,52.8744196843083
"586","casual","Warren Park East",133,47.8604010025063
"587","casual","Warren Park West",267,46.8828339575531
"588","casual","Washtenaw Ave & Lawrence Ave",314,78.8839171974522
"589","casual","Washtenaw Ave & Ogden Ave",201,46.5629353233831
"590","casual","Washtenaw Ave & Ogden Ave (*)",25,38.874
"591","casual","Wells St & 19th St",912,58.0516630116959
"592","casual","Wells St & Concord Ln",4350,50.6730268199234
"593","casual","Wells St & Elm St",2461,28.7423676012461
"594","casual","Wells St & Evergreen Ave",3074,37.9526187378009
"595","casual","Wells St & Hubbard St",3379,36.2237348327908
"596","casual","Wells St & Huron St",3026,74.1465576118088
"597","casual","Wells St & Polk St",1403,33.2360061772392
"598","casual","Wells St & Walton St",1307,47.6931267533792
"599","casual","Wentworth Ave & 24th St",136,32.7378676470588
"600","casual","Wentworth Ave & 24th St (Temp)",251,47.8704515272244
"601","casual","Wentworth Ave & 33rd St",255,43.2539869281046
"602","casual","Wentworth Ave & 35th St",481,31.6692307692308
"603","casual","Wentworth Ave & 63rd St",43,71.098449612403
"604","casual","Wentworth Ave & Cermak Rd (Temp)",1270,51.2029133858268
"605","casual","Western Ave & 21st St",155,59.0923655913979
"606","casual","Western Ave & 24th St",78,40.5784188034188
"607","casual","Western Ave & 28th St",56,75.7568452380952
"608","casual","Western Ave & Congress Pkwy",308,34.6018398268398
"609","casual","Western Ave & Division St",831,50.4233654231849
"610","casual","Western Ave & Fillmore St (*)",210,148.00253968254
"611","casual","Western Ave & Granville Ave",134,52.3635572139303
"612","casual","Western Ave & Howard St",177,40.2922787193974
"613","casual","Western Ave & Leland Ave",854,51.2525370804059
"614","casual","Western Ave & Lunt Ave",208,57.6611378205128
"615","casual","Western Ave & Monroe St",264,39.5496843434343
"616","casual","Western Ave & Roscoe St",290,65.277816091954
"617","casual","Western Ave & Walton St",893,33.5014930944382
"618","casual","Western Ave & Winnebago Ave",1446,36.1874942369756
"619","casual","Western Blvd & 48th Pl",50,124.222333333333
"620","casual","Wilton Ave & Belmont Ave",3776,44.2955861581921
"621","casual","Wilton Ave & Diversey Pkwy",2035,39.3636527436527
"622","casual","Winchester (Ravenswood) Ave & Balmoral Ave",328,28.5791158536585
"623","casual","Winchester Ave & Elston Ave",563,24.2927175843695
"624","casual","Winthrop Ave & Lawrence Ave",753,44.9067729083665
"625","casual","Wolcott (Ravenswood) Ave & Montrose Ave",381,35.5259405074366
"626","casual","Wolcott (Ravenswood) Ave & Montrose Ave (*)",138,46.4071256038647
"627","casual","Wolcott Ave & Fargo Ave",39,305.329914529915
"628","casual","Wolcott Ave & Polk St",553,18.8013863773357
"629","casual","Wood St & 35th St",85,963.554117647058
"630","casual","Wood St & Augusta Blvd",468,27.7865384615385
"631","casual","Wood St & Chicago Ave (*)",487,25.4245379876797
"632","casual","Wood St & Hubbard St",483,23.9515873015873
"633","casual","Wood St & Milwaukee Ave",1794,33.4846804162022
"634","casual","Wood St & Taylor St",276,514.328683574878
"635","casual","Woodlawn Ave & 55th St",569,44.7018746338606
"636","casual","Woodlawn Ave & 75th St",34,80.1622549019608
"637","casual","Woodlawn Ave & Lake Park Ave",298,47.3359619686801
"638","casual","Yates Blvd & 75th St",45,66.7196296296297
"639","member","2112 W Peterson Ave",385,17.0262337662338
"640","member","63rd St Beach",524,26.2092239185751
"641","member","900 W Harrison St",5759,10.5663280662152
"642","member","Aberdeen St & Jackson Blvd",10878,9.84773855488141
"643","member","Aberdeen St & Monroe St",8249,11.8015112942983
"644","member","Aberdeen St & Randolph St",8738,12.2903677424277
"645","member","Ada St & Washington Blvd",6805,13.4747685525349
"646","member","Adler Planetarium",4807,18.9877782400666
"647","member","Albany Ave & 26th St",157,13.8126326963907
"648","member","Albany Ave & Bloomingdale Ave",2757,16.5295671623746
"649","member","Albany Ave & Montrose Ave",746,16.7603440571939
"650","member","Archer (Damen) Ave & 37th St",277,30.1540312876053
"651","member","Archer (Damen) Ave & 37th St (*)",139,28.7712230215827
"652","member","Artesian Ave & Hubbard St",5772,14.2628176253176
"653","member","Ashland Ave & 13th St",1858,13.9652045209903
"654","member","Ashland Ave & 21st St",1000,14.2365
"655","member","Ashland Ave & 50th St",51,65.697385620915
"656","member","Ashland Ave & 63rd St",57,38.3421052631579
"657","member","Ashland Ave & 66th St",44,42.9613636363636
"658","member","Ashland Ave & 69th St",37,444.214864864864
"659","member","Ashland Ave & Archer Ave",417,15.3403677058353
"660","member","Ashland Ave & Augusta Blvd",4482,13.1476647330061
"661","member","Ashland Ave & Belle Plaine Ave",2241,13.8833705191135
"662","member","Ashland Ave & Blackhawk St",5431,15.6414349720739
"663","member","Ashland Ave & Chicago Ave",4749,13.3281848810276
"664","member","Ashland Ave & Division St",16029,13.0529685777861
"665","member","Ashland Ave & Garfield Blvd",108,59.9416666666667
"666","member","Ashland Ave & Grace St",3989,14.183792930559
"667","member","Ashland Ave & Grand Ave",3942,12.5036910197869
"668","member","Ashland Ave & Lake St",3002,12.6802353986231
"669","member","Ashland Ave & Lake St (Temp)",1979,11.8237156813205
"670","member","Ashland Ave & McDowell Ave",545,35.4513455657492
"671","member","Ashland Ave & Pershing Rd",300,17.5680555555556
"672","member","Ashland Ave & Wellington Ave",3081,19.0473926214433
"673","member","Ashland Ave & Wrightwood Ave",4177,14.5584789721491
"674","member","Austin Blvd & Chicago Ave",66,17.0224747474747
"675","member","Austin Blvd & Lake St",297,28.0341750841751
"676","member","Austin Blvd & Madison St",101,46.9508250825083
"677","member","Avers Ave & Belmont Ave",845,24.3832938856016
"678","member","Avondale Ave & Irving Park Rd",1427,12.6413921980846
"679","member","Bennett Ave & 79th St",35,18.7742857142857
"680","member","Benson Ave & Church St",4201,14.6548163135761
"681","member","Bernard St & Elston Ave",530,21.2436477987421
"682","member","Bissell St & Armitage Ave",12615,11.846387898005
"683","member","Blackstone Ave & Hyde Park Blvd",2666,13.3682420605151
"684","member","Blue Island Ave & 18th St",5501,15.6987911288857
"685","member","Bosworth Ave & Howard St",422,35.7107819905213
"686","member","Broadway & Argyle St",4207,13.1017906663497
"687","member","Broadway & Barry Ave",13686,13.828581518827
"688","member","Broadway & Belmont Ave",8070,12.8458632796365
"689","member","Broadway & Berwyn Ave",4346,11.876177327811
"690","member","Broadway & Cornelia Ave",9326,14.666727428694
"691","member","Broadway & Granville Ave",2809,19.3390827103358
"692","member","Broadway & Ridge Ave",3410,15.4187047898338
"693","member","Broadway & Sheridan Rd",6668,12.3665941811638
"694","member","Broadway & Thorndale Ave",3022,19.3999944848886
"695","member","Broadway & Waveland Ave",8782,12.1024671676915
"696","member","Broadway & Wilson Ave",6351,12.096989975332
"697","member","Buckingham Fountain",2645,13.0072526780088
"698","member","Buckingham Fountain (Temp)",791,21.5856300042141
"699","member","Budlong Woods Library",333,18.9322822822823
"700","member","Burling St (Halsted) & Diversey Pkwy (Temp)",8091,12.5037428418407
"701","member","Burnham Harbor",7267,23.9632379248658
"702","member","California Ave & 21st St",667,15.2244877561219
"703","member","California Ave & 23rd Pl",849,13.8845308205732
"704","member","California Ave & 26th St",119,16.384593837535
"705","member","California Ave & Altgeld St",2067,16.5001209482342
"706","member","California Ave & Byron St",781,17.9650021340162
"707","member","California Ave & Cortez St",3427,16.9251580585546
"708","member","California Ave & Division St",1474,21.9540366350068
"709","member","California Ave & Fletcher St",1244,17.2137459807074
"710","member","California Ave & Francis Pl",2284,14.8511018680677
"711","member","California Ave & Francis Pl (Temp)",512,13.9371744791667
"712","member","California Ave & Lake St",645,17.3894573643411
"713","member","California Ave & Milwaukee Ave",7180,13.4559981429898
"714","member","California Ave & Montrose Ave",1242,28.6074208266237
"715","member","California Ave & North Ave",2652,13.8605015082956
"716","member","Calumet Ave & 18th St",5485,18.3611789729565
"717","member","Calumet Ave & 21st St",1927,18.0565040650407
"718","member","Calumet Ave & 33rd St",2702,8.52350111028868
"719","member","Calumet Ave & 35th St",749,11.7265687583445
"720","member","Calumet Ave & 51st St",495,12.6631313131313
"721","member","Calumet Ave & 71st St",8,920.731250000001
"722","member","Campbell Ave & Fullerton Ave",2020,13.8675907590759
"723","member","Campbell Ave & Montrose Ave",2287,13.9970631103338
"724","member","Campbell Ave & North Ave",3550,14.1220469483568
"725","member","Canal St & Adams St",50575,12.7406422804416
"726","member","Canal St & Harrison St",3102,8.46642488716957
"727","member","Canal St & Jackson Blvd",9314,13.9464855772672
"728","member","Canal St & Madison St",27138,15.5094295821358
"729","member","Canal St & Monroe St",9114,10.9985096189013
"730","member","Canal St & Monroe St (*)",5866,11.8926298443005
"731","member","Canal St & Taylor St",6396,11.2601912653742
"732","member","Cannon Dr & Fullerton Ave",2528,18.2104694092827
"733","member","Carpenter St & 63rd St",6,31.1277777777778
"734","member","Carpenter St & Huron St",6110,11.7017757774141
"735","member","Central Ave & Chicago Ave",125,17.5576
"736","member","Central Ave & Harrison St",25,25.58
"737","member","Central Ave & Lake St",47,15.2730496453901
"738","member","Central Ave & Madison St",89,42.649063670412
"739","member","Central Park Ave & 24th St",17,15.7343137254902
"740","member","Central Park Ave & Bloomingdale Ave",997,23.3593112671347
"741","member","Central Park Ave & Elbridge Ave",1273,39.8715632364493
"742","member","Central Park Ave & North Ave",782,20.2702685421995
"743","member","Central Park Ave & Ogden Ave",157,876.363163481951
"744","member","Central Park Blvd & 5th Ave",61,16.5642076502732
"745","member","Central St & Girard Ave",913,23.8633807959109
"746","member","Central St Metra",1255,16.7251792828685
"747","member","Cherry Ave & Blackhawk St",423,11.0485815602837
"748","member","Chicago Ave & Dempster St",1362,24.2310572687225
"749","member","Chicago Ave & Sheridan Rd",1344,15.434337797619
"750","member","Chicago Ave & Washington St",2386,13.5635931824532
"751","member","Christiana Ave & Lawrence Ave",924,14.7088203463203
"752","member","Cicero Ave & Flournoy St",19,33.9271929824561
"753","member","Cicero Ave & Lake St",61,20.8090163934426
"754","member","Cicero Ave & Quincy St",27,19.2327160493827
"755","member","Cityfront Plaza Dr & Pioneer Ct",10795,13.8113632854717
"756","member","Claremont Ave & Hirsch St",2919,13.9147824597465
"757","member","Clarendon Ave & Gordon Ter",5988,12.8826848140726
"758","member","Clarendon Ave & Junior Ter",3499,14.7568352862723
"759","member","Clarendon Ave & Leland Ave",2569,15.5540288049825
"760","member","Clark St & 9th St (AMLI)",3628,10.5567851892687
"761","member","Clark St & Armitage Ave",14881,14.2988049638241
"762","member","Clark St & Berwyn Ave",5571,14.2991443786274
"763","member","Clark St & Bryn Mawr Ave",3466,12.0639113291017
"764","member","Clark St & Chicago Ave",8198,21.9548060502562
"765","member","Clark St & Columbia Ave",1356,8.45156096361849
"766","member","Clark St & Drummond Pl",9779,13.9929798547909
"767","member","Clark St & Elm St",21485,13.9873865487549
"768","member","Clark St & Elmdale Ave",2071,13.9149122807018
"769","member","Clark St & Grace St",5391,12.6805354603351
"770","member","Clark St & Ida B Wells Dr",11189,12.8110078350761
"771","member","Clark St & Jarvis Ave",560,21.0379464285714
"772","member","Clark St & Lake St",13843,12.0840797996581
"773","member","Clark St & Leland Ave",4722,13.5655866158407
"774","member","Clark St & Lincoln Ave",12950,14.3077902187902
"775","member","Clark St & Lunt Ave",2662,15.2863636363636
"776","member","Clark St & Montrose Ave",3864,12.2009230503796
"777","member","Clark St & Newport St",6109,13.9096851639657
"778","member","Clark St & North Ave",5906,15.3396686984987
"779","member","Clark St & Randolph St",13520,12.9195118343195
"780","member","Clark St & Schiller St",11382,12.8516268376969
"781","member","Clark St & Schreiber Ave",1090,14.9186391437309
"782","member","Clark St & Touhy Ave",375,13.8575555555556
"783","member","Clark St & Wellington Ave",9099,13.1638256951313
"784","member","Clark St & Winnemac Ave",6488,12.3281956432388
"785","member","Clark St & Wrightwood Ave",12401,12.3459868827783
"786","member","Clifton Ave & Armitage Ave",6496,14.4112222906404
"787","member","Clinton St & 18th St",2143,15.7451547674599
"788","member","Clinton St & Jackson Blvd",10853,13.023428237968
"789","member","Clinton St & Jackson Blvd (*)",8576,12.4448791200249
"790","member","Clinton St & Lake St",21567,10.9467442543392
"791","member","Clinton St & Madison St",45990,11.8167750235558
"792","member","Clinton St & Polk St",949,10.8173340358272
"793","member","Clinton St & Polk St (*)",1022,9.54054142204827
"794","member","Clinton St & Roosevelt Rd",4645,12.3307534983854
"795","member","Clinton St & Tilden St",6334,9.48197295021577
"796","member","Clinton St & Washington Blvd",45378,11.6457207604272
"797","member","Clybourn Ave & Division St",5523,10.9870360311425
"798","member","Columbus Dr & Randolph St",31370,12.1510710870258
"799","member","Commercial Ave & 83rd St",18,40.3953703703704
"800","member","Conservatory Dr & Lake St",445,21.2039700374532
"801","member","Cornell Ave & Hyde Park Blvd",4120,16.2118527508091
"802","member","Cornell Dr & Hayes Dr",107,45.608722741433
"803","member","Cottage Grove Ave & 43rd St",610,16.7295628415301
"804","member","Cottage Grove Ave & 47th St",699,32.0948259418217
"805","member","Cottage Grove Ave & 51st St",686,79.1384839650146
"806","member","Cottage Grove Ave & 63rd St",299,27.0249163879599
"807","member","Cottage Grove Ave & 67th St",117,17.297150997151
"808","member","Cottage Grove Ave & 71st St",22,19.6484848484848
"809","member","Cottage Grove Ave & 78th St",36,23.6152777777778
"810","member","Cottage Grove Ave & 83rd St",32,44.4984375
"811","member","Cottage Grove Ave & Oakwood Blvd",352,78.0581912878787
"812","member","Daley Center Plaza",30423,14.1503577337322
"813","member","Damen Ave & 51st St",42,21.0210317460317
"814","member","Damen Ave & 59th St",21,39.9531746031746
"815","member","Damen Ave & Charleston St",3489,13.4363141301232
"816","member","Damen Ave & Chicago Ave",7651,12.527678299133
"817","member","Damen Ave & Clybourn Ave",2868,17.1705020920502
"818","member","Damen Ave & Cortland St",6940,14.953976945245
"819","member","Damen Ave & Coulter St",157,16.2422505307856
"820","member","Damen Ave & Cullerton St",1212,16.9918729372937
"821","member","Damen Ave & Division St",6580,13.0056180344478
"822","member","Damen Ave & Foster Ave",3125,14.5248906666667
"823","member","Damen Ave & Grand Ave",3870,14.9218475452196
"824","member","Damen Ave & Leland Ave",4908,17.6551752241239
"825","member","Damen Ave & Madison St",1344,22.9631820436508
"826","member","Damen Ave & Melrose Ave",1820,14.8216483516483
"827","member","Damen Ave & Pershing Rd",55,18.7684848484848
"828","member","Damen Ave & Pierce Ave",15546,16.1463077318924
"829","member","Damen Ave & Sunnyside Ave",1978,14.3362571621166
"830","member","Damen Ave & Thomas St (Augusta Blvd)",5538,15.0092933670398
"831","member","Damen Ave & Walnut (Lake) St (*)",1636,14.3290444172779
"832","member","Damen Ave & Wellington Ave",2834,15.2342154787109
"833","member","Dayton St & North Ave",8259,14.6514529604068
"834","member","Dearborn Pkwy & Delaware Pl",14144,13.7490196078431
"835","member","Dearborn St & Adams St",10300,12.3783074433657
"836","member","Dearborn St & Erie St",20232,14.6121309476737
"837","member","Dearborn St & Monroe St",18144,14.9574744635509
"838","member","Dearborn St & Van Buren St",3187,11.1775232716243
"839","member","Dearborn St & Van Buren St (*)",2455,11.1215953835709
"840","member","Delano Ct & Roosevelt Rd",5125,11.0453756097561
"841","member","Desplaines St & Jackson Blvd",12484,12.5018730641888
"842","member","Desplaines St & Kinzie St",19427,9.66221581647535
"843","member","Desplaines St & Randolph St",9806,9.7772962132028
"844","member","DIVVY CASSETTE REPAIR MOBILE STATION",3,6.97777777777779
"845","member","DIVVY Map Frame B/C Station",24,38.0888888888889
"846","member","Dodge Ave & Church St",786,53.7644614079729
"847","member","Dodge Ave & Mulford St",275,40.0796363636364
"848","member","Dorchester Ave & 49th St",589,16.6136955291454
"849","member","Dorchester Ave & 63rd St",259,15.9052123552124
"850","member","Drake Ave & Addison St",1428,11.7731792717087
"851","member","Drake Ave & Fullerton Ave",1770,18.1126836158192
"852","member","Drake Ave & Montrose Ave",814,11.653665028665
"853","member","Dusable Harbor",4607,22.0697959626655
"854","member","DuSable Museum",382,10.6151396160558
"855","member","Eastlake Ter & Rogers Ave",1696,19.0513856132075
"856","member","Eberhart Ave & 61st St",96,49.8720486111111
"857","member","Eckhart Park",5664,30.0883709981168
"858","member","Eggleston Ave & 69th St (*)",38,2658.99736842105
"859","member","Elizabeth (May) St & Fulton St",3067,13.3964134333225
"860","member","Elizabeth St & 47th St",69,20.5584541062802
"861","member","Elizabeth St & 59th St",7,25.4404761904762
"862","member","Ellis Ave & 53rd St",3877,45.6504040925114
"863","member","Ellis Ave & 55th St",7616,7.38855479691877
"864","member","Ellis Ave & 58th St",5093,8.98145821061588
"865","member","Ellis Ave & 60th St",6083,8.70166584470382
"866","member","Ellis Ave & 83rd St",30,97.4016666666666
"867","member","Elmwood Ave & Austin St",783,8.45991911451682
"868","member","Elston Ave & Wabansia Ave",2197,16.6109695038689
"869","member","Emerald Ave & 28th St",1886,17.6588812301166
"870","member","Emerald Ave & 31st St",3025,14.1748925619835
"871","member","Evans Ave & 75th St",29,14.8011494252874
"872","member","Evanston Civic Center",271,18.0982164821648
"873","member","Exchange Ave & 79th St",16,16.9416666666667
"874","member","Fairbanks Ct & Grand Ave",15477,13.6809006913485
"875","member","Fairbanks St & Superior St",3066,14.8465264187867
"876","member","Fairbanks St & Superior St (*)",2788,14.8847142515543
"877","member","Fairfield Ave & Roosevelt Rd",221,18.8346153846154
"878","member","Federal St & Polk St",9968,12.2732544141252
"879","member","Field Blvd & South Water St",7311,16.9833105366343
"880","member","Field Museum",2402,17.6777130169303
"881","member","Financial Pl & Ida B Wells Dr",3989,10.4509818668004
"882","member","Financial Pl & Ida B Wells Dr (Temp)",3296,10.2844710760518
"883","member","Fort Dearborn Dr & 31st St",3491,25.9875250644514
"884","member","Francisco Ave & Foster Ave",1194,13.318774427694
"885","member","Franklin St & Adams St (Temp)",4660,12.5272246065808
"886","member","Franklin St & Chicago Ave",8129,11.0630458851027
"887","member","Franklin St & Chicago Ave (Temp)",4842,11.7286348616274
"888","member","Franklin St & Illinois St",3246,10.8183302526186
"889","member","Franklin St & Jackson Blvd",16394,12.7591964539872
"890","member","Franklin St & Lake St",13964,12.6526735414876
"891","member","Franklin St & Monroe St",30832,14.3552872556651
"892","member","Franklin St & Quincy St",5092,12.2325346949463
"893","member","Glenwood Ave & Morse Ave",2475,23.1173804713805
"894","member","Glenwood Ave & Touhy Ave",900,17.9997777777778
"895","member","Green St & Madison St",14121,11.5411668201024
"896","member","Green St & Randolph St",11062,13.3472910263364
"897","member","Greenview Ave & Diversey Pkwy",3317,14.88542357552
"898","member","Greenview Ave & Fullerton Ave",5665,13.1068932038835
"899","member","Greenview Ave & Jarvis Ave",1408,34.2665364583333
"900","member","Greenwood Ave & 47th St",1110,14.5505405405405
"901","member","Greenwood Ave & 79th St",103,16.3393203883495
"902","member","Halsted St & 18th St",1899,14.5611725469545
"903","member","Halsted St & 21st St",1046,16.7405991077119
"904","member","Halsted St & 35th St",595,14.5764425770308
"905","member","Halsted St & 35th St (*)",314,13.7385881104034
"906","member","Halsted St & 37th St",705,16.8950827423168
"907","member","Halsted St & 47th Pl",237,16.5081575246132
"908","member","Halsted St & 51st St",10,30.0983333333334
"909","member","Halsted St & 56th St",49,42.0571428571428
"910","member","Halsted St & 59th St",21,23.4515873015873
"911","member","Halsted St & 63rd St",150,255.911333333333
"912","member","Halsted St & 69th St",41,24.55
"913","member","Halsted St & Archer Ave",1590,10.8254192872117
"914","member","Halsted St & Clybourn Ave",8519,13.119789098877
"915","member","Halsted St & Clybourn Ave (*)",5388,12.8340355110121
"916","member","Halsted St & Dickens Ave",8452,12.9383755324184
"917","member","Halsted St & Maxwell St",5909,11.9477632989225
"918","member","Halsted St & North Branch St",1592,12.427135678392
"919","member","Halsted St & Polk St",7336,12.2368502362777
"920","member","Halsted St & Roosevelt Rd",5818,18.0628738398075
"921","member","Halsted St & Roscoe St",8179,13.5724864490362
"922","member","Halsted St & Willow St",6366,12.5253141690229
"923","member","Halsted St & Wrightwood Ave",7945,14.2010887350535
"924","member","Harper Ave & 59th St",2674,16.1060084766891
"925","member","Hermitage Ave & Polk St",4625,13.8891495495495
"926","member","Honore St & Division St",6731,13.1249021938295
"927","member","Hoyne Ave & 47th St",182,9.57655677655678
"928","member","Hoyne Ave & Balmoral Ave",1233,12.9498783454988
"929","member","HUBBARD ST BIKE CHECKING (LBS-WH-TEST)",15,15.3744444444444
"930","member","Humboldt Blvd & Armitage Ave",2838,14.1822116513977
"931","member","Indiana Ave & 26th St",1787,16.5753684014176
"932","member","Indiana Ave & 31st St",2659,14.9643474990598
"933","member","Indiana Ave & 40th St",271,12.4948339483395
"934","member","Indiana Ave & Roosevelt Rd",12922,14.8965833462312
"935","member","Jefferson St & Monroe St",7719,11.5523880468109
"936","member","Jeffery Blvd & 67th St",82,23.6936991869919
"937","member","Jeffery Blvd & 71st St",130,25.4332051282051
"938","member","Jeffery Blvd & 76th St",82,1022.98556910569
"939","member","Karlov Ave & Madison St",95,27.4008771929825
"940","member","Kedzie Ave & 21st St",370,63.001126126126
"941","member","Kedzie Ave & 24th St",86,20.6246124031008
"942","member","Kedzie Ave & Bryn Mawr Ave",312,49.3496794871795
"943","member","Kedzie Ave & Chicago Ave",530,16.8350628930818
"944","member","Kedzie Ave & Foster Ave",789,15.8142585551331
"945","member","Kedzie Ave & Harrison St",109,66.765749235474
"946","member","Kedzie Ave & Lake St",671,19.5476403378043
"947","member","Kedzie Ave & Leland Ave",954,17.4271837875611
"948","member","Kedzie Ave & Milwaukee Ave",6568,16.3414408241981
"949","member","Kedzie Ave & Palmer Ct",3256,13.7601044226044
"950","member","Kedzie Ave & Roosevelt Rd",140,184.097619047619
"951","member","Kenton Ave & Madison St",40,124.684583333333
"952","member","Keystone Ave & Fullerton Ave",572,20.8244172494172
"953","member","Keystone Ave & Montrose Ave",447,14.7024981357196
"954","member","Kilbourn Ave & Irving Park Rd",445,13.3530337078652
"955","member","Kilbourn Ave & Milwaukee Ave",466,31.8173104434907
"956","member","Kildare Ave & Montrose Ave",248,19.266935483871
"957","member","Kimball Ave & Belmont Ave",1287,15.0618751618752
"958","member","Kimbark Ave & 53rd St",7244,8.73591247929321
"959","member","Kingsbury St & Erie St",17256,10.017579392675
"960","member","Kingsbury St & Kinzie St",30654,10.1620870576977
"961","member","Knox Ave & Montrose Ave",472,92.3520833333333
"962","member","Kosciuszko Park",1772,15.9101862302483
"963","member","Kostner Ave & Adams St",91,14.542673992674
"964","member","Kostner Ave & Lake St",11,24.7333333333333
"965","member","Lake Park Ave & 35th St",1411,21.2805339003071
"966","member","Lake Park Ave & 47th St",1117,23.5781557743957
"967","member","Lake Park Ave & 53rd St",2782,14.7081775700935
"968","member","Lake Park Ave & 56th St",4499,9.92143809735497
"969","member","Lake Shore Dr & Belmont Ave",7745,20.9650182913708
"970","member","Lake Shore Dr & Diversey Pkwy",7331,20.1700427408721
"971","member","Lake Shore Dr & Monroe St",10566,23.4237396681179
"972","member","Lake Shore Dr & North Blvd",15520,20.3017880154639
"973","member","Lake Shore Dr & Ohio St",8063,16.4527760552317
"974","member","Lake Shore Dr & Wellington Ave",7974,20.7904690243291
"975","member","Lakefront Trail & Bryn Mawr Ave",5181,24.2565463552725
"976","member","Lakefront Trail & Wilson Ave",3534,21.2960290511224
"977","member","Lakeview Ave & Fullerton Pkwy",9506,16.4497825934498
"978","member","Laramie Ave & Gladys Ave",38,20.2714912280702
"979","member","Laramie Ave & Kinzie St",40,59.6875
"980","member","Laramie Ave & Madison St",96,24.4079861111111
"981","member","Larrabee St & Armitage Ave",5986,12.7654722129413
"982","member","Larrabee St & Division St",8360,10.991764354067
"983","member","Larrabee St & Kingsbury St",20904,10.5226296402602
"984","member","Larrabee St & Menomonee St",4548,12.0663588390501
"985","member","Larrabee St & North Ave",3368,11.9904889152811
"986","member","Larrabee St & Oak St",7928,11.2597460477632
"987","member","Larrabee St & Webster Ave",9646,14.4019559057295
"988","member","LaSalle Dr & Huron St",5182,12.4922713238132
"989","member","LaSalle Dr & Huron St (*)",3062,32.2021173524929
"990","member","LaSalle St & Adams St",5588,15.7778901216893
"991","member","LaSalle St & Illinois St",14412,12.8392022851328
"992","member","LaSalle St & Jackson Blvd",23021,12.7007522117487
"993","member","LaSalle St & Washington St",10157,11.5066095631912
"994","member","Latrobe Ave & Chicago Ave",62,34.9422043010753
"995","member","Leavitt St & Addison St",1359,17.5682855040471
"996","member","Leavitt St & Archer Ave",336,21.1270337301587
"997","member","Leavitt St & Armitage Ave",3124,13.4261737089202
"998","member","Leavitt St & Belmont Ave (*)",1222,17.2657528641571
"999","member","Leavitt St & Chicago Ave",3250,16.4215435897436
"1000","member","Leavitt St & Division St (*)",2311,13.7829438915332
"1001","member","Leavitt St & Lawrence Ave",2204,17.0369026013309
"1002","member","Leavitt St & North Ave",4251,12.543919077864
"1003","member","Lincoln Ave & Addison St",1948,17.7534736481862
"1004","member","Lincoln Ave & Belle Plaine Ave",3385,15.1949187592319
"1005","member","Lincoln Ave & Belmont Ave",5454,15.8215285417431
"1006","member","Lincoln Ave & Diversey Pkwy",6096,12.2951607611549
"1007","member","Lincoln Ave & Fullerton Ave",10560,13.4768828914141
"1008","member","Lincoln Ave & Roscoe St",6951,12.6980314583034
"1009","member","Lincoln Ave & Sunnyside Ave",3859,14.2230025049667
"1010","member","Lincoln Ave & Waveland Ave",3528,13.7991543839758
"1011","member","Lincoln Ave & Winona St",1212,14.063696369637
"1012","member","Lincoln Park Conservatory",1531,17.8255606357501
"1013","member","Lincolnwood Dr & Central St",619,11.1889606892838
"1014","member","Logan Blvd & Elston Ave",3517,19.572694531324
"1015","member","Loomis St & Archer Ave",1051,22.2516333650492
"1016","member","Loomis St & Jackson Blvd",3711,12.2111245845684
"1017","member","Loomis St & Lexington St",12417,11.0550548978551
"1018","member","Loomis St & Taylor St (*)",1859,10.6009772279003
"1019","member","Malcolm X College",1282,16.89375975039
"1020","member","Manor Ave & Leland Ave",1007,23.6339953657729
"1021","member","Maplewood Ave & Peterson Ave",198,22.059595959596
"1022","member","Marine Dr & Ainslie St",3214,18.8241910392035
"1023","member","Marshfield Ave & 44th St",60,11.77
"1024","member","Marshfield Ave & 59th St",29,126.469540229885
"1025","member","Marshfield Ave & Cortland St",12713,13.4776278874643
"1026","member","May St & 69th St",25,122.004
"1027","member","May St & Cullerton St",1626,16.7495797457975
"1028","member","May St & Taylor St",6167,12.4730068644938
"1029","member","McClurg Ct & Erie St",12843,14.5408549404345
"1030","member","McClurg Ct & Illinois St",13086,13.8109544551429
"1031","member","McCormick Place",1931,15.763783877093
"1032","member","Michigan Ave & 14th St",7354,13.5606676638564
"1033","member","Michigan Ave & 18th St",7789,14.7405785937433
"1034","member","Michigan Ave & 71st St",5,18.1633333333333
"1035","member","Michigan Ave & 8th St",5269,14.3691877016512
"1036","member","Michigan Ave & Ida B Wells Dr",4440,12.9009722222222
"1037","member","Michigan Ave & Jackson Blvd",8624,13.222928262214
"1038","member","Michigan Ave & Lake St",17410,12.0770132107984
"1039","member","Michigan Ave & Madison St",8360,12.9983871610845
"1040","member","Michigan Ave & Oak St",14061,20.7345376099377
"1041","member","Michigan Ave & Pearson St",5564,15.7064791516894
"1042","member","Michigan Ave & Washington St",25468,13.8828588817339
"1043","member","Mies van der Rohe Way & Chestnut St",9857,14.1898549254337
"1044","member","Mies van der Rohe Way & Chicago Ave",9178,16.4326523570858
"1045","member","Millard Ave & 26th St",97,109.920962199313
"1046","member","Millennium Park",12357,17.5287178657171
"1047","member","Milwaukee Ave & Cuyler Ave",491,14.7270536320434
"1048","member","Milwaukee Ave & Grand Ave",13316,11.0477070191249
"1049","member","Milwaukee Ave & Rockwell St",2228,13.7893102932376
"1050","member","Milwaukee Ave & Wabansia Ave",7968,27.3318879685408
"1051","member","MLK Jr Dr & 29th St",6941,13.758805167363
"1052","member","MLK Jr Dr & 47th St",275,23.3887272727273
"1053","member","MLK Jr Dr & 56th St",87,14.5697318007663
"1054","member","MLK Jr Dr & 56th St (*)",73,55.1340182648402
"1055","member","MLK Jr Dr & 63rd St",86,15.3604651162791
"1056","member","MLK Jr Dr & 83rd St",96,513.534375
"1057","member","MLK Jr Dr & Pershing Rd",759,16.7552700922266
"1058","member","Monticello Ave & Irving Park Rd",872,12.981880733945
"1059","member","Montrose Harbor",5405,23.9068979340117
"1060","member","Morgan Ave & 14th Pl",3847,13.1290962654883
"1061","member","Morgan St & 18th St",3293,19.1610739953437
"1062","member","Morgan St & 31st St",1443,14.6278470778471
"1063","member","Morgan St & Lake St",15307,12.1934931730581
"1064","member","Morgan St & Pershing Rd",112,9.63497023809524
"1065","member","Morgan St & Polk St",12589,10.1686843011094
"1066","member","Museum of Science and Industry",1028,22.7377269779507
"1067","member","Noble St & Milwaukee Ave",5835,14.5028477577835
"1068","member","Normal Ave & Archer Ave",966,14.9541580400276
"1069","member","Oakley Ave & Irving Park Rd",1537,15.0561808718282
"1070","member","Oakley Ave & Touhy Ave",251,13.5776228419655
"1071","member","Ogden Ave & Chicago Ave",8572,21.9441942759372
"1072","member","Ogden Ave & Congress Pkwy",1481,13.2277965338735
"1073","member","Ogden Ave & Race Ave",7209,12.3279812271697
"1074","member","Ogden Ave & Roosevelt Rd",1356,14.2520648967552
"1075","member","Orleans St & Chestnut St (NEXT Apts)",7201,14.7913437948433
"1076","member","Orleans St & Elm St",2441,13.48871364195
"1077","member","Orleans St & Elm St (*)",1864,10.9323319027182
"1078","member","Orleans St & Hubbard St",4306,10.8439580430407
"1079","member","Orleans St & Hubbard St (*)",3464,10.5151414549654
"1080","member","Orleans St & Merchandise Mart Plaza",21356,16.9383327089967
"1081","member","Paulina Ave & North Ave",5767,14.7729379804636
"1082","member","Paulina St & 18th St",2835,15.2629218106996
"1083","member","Paulina St & Flournoy St",5180,14.5028120978121
"1084","member","Paulina St & Howard St",1966,10.7334350627331
"1085","member","Paulina St & Montrose Ave",2050,11.6870162601626
"1086","member","Peoria St & Jackson Blvd",12041,10.7285953547601
"1087","member","Perry Ave & 69th St",95,15.9356140350877
"1088","member","Phillips Ave & 79th St",48,14.9694444444444
"1089","member","Phillips Ave & 83rd St",54,27.0141975308642
"1090","member","Pine Grove Ave & Irving Park Rd",7809,12.9699235924361
"1091","member","Pine Grove Ave & Waveland Ave",9075,16.7849568411387
"1092","member","Prairie Ave & 43rd St",401,20.5466334164589
"1093","member","Prairie Ave & Garfield Blvd",1082,10.675
"1094","member","Princeton Ave & 47th St",294,132.509693877551
"1095","member","Princeton Ave & Garfield Blvd",405,18.5437860082305
"1096","member","Pulaski Rd & Congress Pkwy",91,52.8617216117216
"1097","member","Pulaski Rd & Eddy St (Temp)",483,14.1888888888889
"1098","member","Pulaski Rd & Lake St",96,21.4376736111111
"1099","member","Racine Ave & 13th St",842,10.9680126682502
"1100","member","Racine Ave & 15th St",1707,14.7880101542667
"1101","member","Racine Ave & 18th St",3860,13.8318350604491
"1102","member","Racine Ave & 35th St",554,15.9660348977136
"1103","member","Racine Ave & 61st St",5,8522.78333333334
"1104","member","Racine Ave & 65th St",4,20.5541666666667
"1105","member","Racine Ave & Belmont Ave",5523,14.0873136580361
"1106","member","Racine Ave & Congress Pkwy",5694,10.3314600163915
"1107","member","Racine Ave & Fullerton Ave",7761,13.0583086372031
"1108","member","Racine Ave & Garfield Blvd",211,46.4053712480253
"1109","member","Racine Ave & Randolph St",4894,13.2625017027653
"1110","member","Racine Ave & Washington Blvd (*)",3941,11.3798908906369
"1111","member","Racine Ave & Wrightwood Ave",4449,11.6454109537724
"1112","member","Racine Ave (May St) & Fulton St",2544,12.4188875786164
"1113","member","Rainbow Beach",71,23
"1114","member","Ravenswood Ave & Berteau Ave",2593,13.7885460856151
"1115","member","Ravenswood Ave & Irving Park Rd",3770,13.5488196286472
"1116","member","Ravenswood Ave & Lawrence Ave",13713,11.0711417389825
"1117","member","Rhodes Ave & 32nd St",1408,20.5299005681818
"1118","member","Rhodes Ave & 71st St",4,45.5875
"1119","member","Richmond St & Diversey Ave",1745,17.657182425979
"1120","member","Ridge Blvd & Howard St",401,10.5611388196176
"1121","member","Ridge Blvd & Touhy Ave",683,11.4169594924353
"1122","member","Ritchie Ct & Banks St",6106,14.8233431597336
"1123","member","Rockwell St & Eastwood Ave",1476,12.5505194218609
"1124","member","Rush St & Cedar St",9097,14.7516269099703
"1125","member","Rush St & Hubbard St",9544,11.7617822715842
"1126","member","Rush St & Superior St",11002,15.5018632975823
"1127","member","Sacramento Blvd & Franklin Blvd",507,15.8071334648258
"1128","member","Sangamon St & Washington Blvd",4375,13.23768
"1129","member","Sangamon St & Washington Blvd (*)",3716,11.9240984930032
"1130","member","Sawyer Ave & Irving Park Rd",723,17.1855693868142
"1131","member","Sedgwick St & Huron St",13109,11.4312406234902
"1132","member","Sedgwick St & North Ave",11627,11.8120796422121
"1133","member","Sedgwick St & Schiller St",3239,12.1392559431923
"1134","member","Sedgwick St & Webster Ave",9404,13.7384091875798
"1135","member","Seeley Ave & Garfield Blvd",3,20.75
"1136","member","Seeley Ave & Roscoe St",2914,16.51537405628
"1137","member","Shedd Aquarium",5815,18.3931069074233
"1138","member","Sheffield Ave & Fullerton Ave",15129,8.94392667503911
"1139","member","Sheffield Ave & Kingsbury St",10184,12.8354772191673
"1140","member","Sheffield Ave & Waveland Ave",7780,14.2653791773779
"1141","member","Sheffield Ave & Webster Ave",9925,12.1165121746432
"1142","member","Sheffield Ave & Wellington Ave",10151,12.6065346599678
"1143","member","Sheffield Ave & Willow St",7936,12.5300067204301
"1144","member","Sheffield Ave & Wrightwood Ave",6844,11.6427332943698
"1145","member","Sheridan Rd & Buena Ave",3632,12.349297907489
"1146","member","Sheridan Rd & Columbia Ave",1364,15.2478250244379
"1147","member","Sheridan Rd & Greenleaf Ave",1093,15.9578377554132
"1148","member","Sheridan Rd & Irving Park Rd",10829,14.7102671837966
"1149","member","Sheridan Rd & Lawrence Ave",2732,15.8384211810639
"1150","member","Sheridan Rd & Loyola Ave",2609,68.3585792768621
"1151","member","Sheridan Rd & Montrose Ave",5835,11.4004855755498
"1152","member","Sheridan Rd & Noyes St (NU)",2333,14.6958851264466
"1153","member","Shields Ave & 28th Pl",850,15.7553137254902
"1154","member","Shields Ave & 31st St",1836,10.9787309368192
"1155","member","Shields Ave & 43rd St",53,22.7132075471698
"1156","member","Shore Dr & 55th St",4795,16.5382586027112
"1157","member","Smith Park (*)",778,17.0948371893745
"1158","member","South Chicago Ave & 83rd St",10,22.9916666666667
"1159","member","South Chicago Ave & Elliot Ave",2,23.2833333333333
"1160","member","South Shore Dr & 67th St",324,23.3097736625514
"1161","member","South Shore Dr & 71st St",505,24.7356105610561
"1162","member","South Shore Dr & 74th St",194,21.24235395189
"1163","member","Southport Ave & Belmont Ave",4565,11.847426067908
"1164","member","Southport Ave & Clark St",2285,12.0982859226842
"1165","member","Southport Ave & Clybourn Ave",7106,12.9671615536167
"1166","member","Southport Ave & Irving Park Rd",4596,12.3023389904265
"1167","member","Southport Ave & Roscoe St",10164,11.9128017184835
"1168","member","Southport Ave & Waveland Ave",8399,12.9219768226376
"1169","member","Southport Ave & Wellington Ave",8155,13.7396995708154
"1170","member","Southport Ave & Wrightwood Ave",5210,12.2481413947537
"1171","member","Spaulding Ave & Armitage Ave",2738,21.9388604821037
"1172","member","Spaulding Ave & Division St",682,17.4099462365591
"1173","member","St. Clair St & Erie St",17332,14.7238960689284
"1174","member","St. Louis Ave & Balmoral Ave",524,17.8205788804071
"1175","member","State St & 19th St",1897,14.9023985239852
"1176","member","State St & 29th St",551,17.8482153660012
"1177","member","State St & 33rd St",6067,10.160565353552
"1178","member","State St & 35th St",2271,14.093314252165
"1179","member","State St & 54th St",60,20.9558333333333
"1180","member","State St & 76th St",37,10.9806306306306
"1181","member","State St & 79th St",180,308.896481481482
"1182","member","State St & Harrison St",5852,12.0082963089542
"1183","member","State St & Kinzie St",15764,13.4449854097945
"1184","member","State St & Pearson St",9305,14.4093301092603
"1185","member","State St & Pershing Rd",161,13.2110766045549
"1186","member","State St & Randolph St",16136,11.2905738720873
"1187","member","State St & Van Buren St",8837,12.381273810871
"1188","member","Stave St & Armitage Ave",2093,14.6330705526358
"1189","member","Stetson Ave & South Water St",10505,11.0940250674282
"1190","member","Stewart Ave & 63rd St (*)",38,22.1600877192982
"1191","member","Stockton Dr & Wrightwood Ave",7450,18.4800134228188
"1192","member","Stony Island Ave & 64th St",86,16.4187984496124
"1193","member","Stony Island Ave & 67th St",75,270.291333333333
"1194","member","Stony Island Ave & 71st St",121,24.8137741046832
"1195","member","Stony Island Ave & 75th St",72,23.0881944444444
"1196","member","Stony Island Ave & 82nd St",35,21.2271428571429
"1197","member","Stony Island Ave & South Chicago Ave",16,15.521875
"1198","member","Streeter Dr & Grand Ave",14879,21.6746073884894
"1199","member","Talman Ave & Addison St",1920,18.2468229166667
"1200","member","Theater on the Lake",16974,22.654818153254
"1201","member","Throop (Loomis) St & Taylor St",3050,10.663781420765
"1202","member","Throop St & 52nd St",23,84.7746376811593
"1203","member","Troy St & Elston Ave",1563,19.6888249093623
"1204","member","Troy St & North Ave",982,17.5983197556008
"1205","member","Union Ave & Root St",249,18.0925033467202
"1206","member","University Ave & 57th St",10353,9.54987443253163
"1207","member","University Library (NU)",1893,15.9702324352879
"1208","member","Valli Produce - Evanston Plaza",321,17.3015057113188
"1209","member","Vernon Ave & 75th St",67,19.7144278606965
"1210","member","Vernon Ave & 79th St",41,12.2308943089431
"1211","member","Vincennes Ave & 75th St",3,22.3555555555556
"1212","member","Wabash Ave & 16th St",7686,12.7985493104346
"1213","member","Wabash Ave & 83rd St",25,13.8853333333333
"1214","member","Wabash Ave & 87th St",84,24.1958333333333
"1215","member","Wabash Ave & 9th St",10046,11.7461079036432
"1216","member","Wabash Ave & Adams St",9379,11.2023474428688
"1217","member","Wabash Ave & Cermak Rd",2142,12.8149159663866
"1218","member","Wabash Ave & Grand Ave",18505,14.1850869134468
"1219","member","Wabash Ave & Roosevelt Rd",15914,13.001225336182
"1220","member","Wabash Ave & Wacker Pl",7732,13.5540308673909
"1221","member","Wacker Dr & Washington St",15010,21.09669664668
"1222","member","Wallace St & 35th St",930,11.9987275985663
"1223","member","Walsh Park",2421,20.1761944100234
"1224","member","Warren Park East",834,16.7696442845723
"1225","member","Warren Park West",406,26.3195402298851
"1226","member","Washtenaw Ave & Lawrence Ave",1514,13.9272897402026
"1227","member","Washtenaw Ave & Ogden Ave",459,19.0431009440813
"1228","member","Washtenaw Ave & Ogden Ave (*)",396,17.6072390572391
"1229","member","Wells St & 19th St",1273,15.9379811468971
"1230","member","Wells St & Concord Ln",18622,13.6441037482548
"1231","member","Wells St & Elm St",12928,16.804472205033
"1232","member","Wells St & Evergreen Ave",11723,12.3390116295601
"1233","member","Wells St & Hubbard St",17118,12.5910406200101
"1234","member","Wells St & Huron St",21143,12.5580996074351
"1235","member","Wells St & Polk St",7058,22.7384575422688
"1236","member","Wells St & Walton St",6433,11.0224027151666
"1237","member","Wentworth Ave & 24th St",394,11.8634517766497
"1238","member","Wentworth Ave & 24th St (Temp)",677,14.1950516986706
"1239","member","Wentworth Ave & 33rd St",1187,12.8900730131985
"1240","member","Wentworth Ave & 35th St",1196,20.4932971014493
"1241","member","Wentworth Ave & 63rd St",90,1112.40037037037
"1242","member","Wentworth Ave & Cermak Rd (Temp)",2470,13.6741767881242
"1243","member","Western Ave & 21st St",1053,24.2983380816714
"1244","member","Western Ave & 24th St",536,19.2412624378109
"1245","member","Western Ave & 28th St",186,28.5023297491039
"1246","member","Western Ave & Congress Pkwy",1514,14.5232166446499
"1247","member","Western Ave & Division St",3525,14.229304964539
"1248","member","Western Ave & Fillmore St (*)",2417,16.3035788167149
"1249","member","Western Ave & Granville Ave",589,19.2092246745897
"1250","member","Western Ave & Howard St",587,9.61817149346962
"1251","member","Western Ave & Leland Ave",4516,12.0579347505167
"1252","member","Western Ave & Lunt Ave",1074,14.0247517070143
"1253","member","Western Ave & Monroe St",1344,14.7539930555556
"1254","member","Western Ave & Roscoe St",2299,12.4995867768595
"1255","member","Western Ave & Walton St",5256,14.4909944190766
"1256","member","Western Ave & Winnebago Ave",7156,13.8761878144215
"1257","member","Western Blvd & 48th Pl",184,46.483152173913
"1258","member","Wilton Ave & Belmont Ave",14990,11.2592984211697
"1259","member","Wilton Ave & Diversey Pkwy",13489,10.9177860973139
"1260","member","Winchester (Ravenswood) Ave & Balmoral Ave",1425,11.9510994152047
"1261","member","Winchester Ave & Elston Ave",2453,16.2600896860987
"1262","member","Winthrop Ave & Lawrence Ave",3416,14.3255659640906
"1263","member","Wolcott (Ravenswood) Ave & Montrose Ave",1974,12.8718591691996
"1264","member","Wolcott (Ravenswood) Ave & Montrose Ave (*)",1237,13.1409323632444
"1265","member","Wolcott Ave & Fargo Ave",203,13.9244663382594
"1266","member","Wolcott Ave & Polk St",8537,13.0435340283472
"1267","member","Wood St & 35th St",243,16.2553497942387
"1268","member","Wood St & Augusta Blvd",4854,12.9264489767889
"1269","member","Wood St & Chicago Ave (*)",4279,13.2071356235881
"1270","member","Wood St & Hubbard St",3375,15.2382913580247
"1271","member","Wood St & Milwaukee Ave",8433,14.3668524447607
"1272","member","Wood St & Taylor St",5743,14.1161965291079
"1273","member","Woodlawn Ave & 55th St",3356,8.07802940007946
"1274","member","Woodlawn Ave & 75th St",11,11.5075757575758
"1275","member","Woodlawn Ave & Lake Park Ave",1010,15.1103135313531
"1276","member","Yates Blvd & 75th St",70,36.8502380952381
